Donna Hayward,2021-02-13 02:33:21 PM,Stanford Stadium
Nadine Hurley,2021-02-13 03:28:10 PM,Stanford Bookstore
Donna Hayward,2021-02-13 08:00:54 PM,Memorial Church
Donna Hayward,2021-02-14 12:14:04 AM,Stanford Stadium
Andy Brennan,2021-02-14 01:16:24 AM,Stanford Bookstore
Benjamin Horne,2021-02-14 01:26:50 AM,Hoover Tower
Windom Earle,2021-02-14 03:34:08 AM,Memorial Church
Benjamin Horne,2021-02-14 04:14:04 AM,Hoover Tower
Dale Cooper,2021-02-14 08:16:40 AM,Jen-Hsun Huang Engineering Center
Benjamin Horne,2021-02-14 01:07:54 PM,White Memorial Fountain
James Hurley,2021-02-14 02:31:54 PM,Stanford Bookstore
Laura Palmer,2021-02-14 06:29:34 PM,White Memorial Fountain
Nadine Hurley,2021-02-15 03:40:14 AM,Stanford Bank ATM
Benjamin Horne,2021-02-15 04:25:01 AM,Arrillaga Outdoor Education and Recreation Center
Nadine Hurley,2021-02-15 05:17:05 AM,Jen-Hsun Huang Engineering Center
Andy Brennan,2021-02-15 05:38:33 AM,Memorial Church
Nadine Hurley,2021-02-15 08:38:18 AM,White Memorial Fountain
Andy Brennan,2021-02-15 09:02:28 AM,Stanford Bank ATM
Nadine Hurley,2021-02-15 12:12:43 PM,Stanford Stadium
Dale Cooper,2021-02-15 12:53:57 PM,Stanford Bank ATM
Andy Brennan,2021-02-15 02:39:33 PM,Stanford Stadium
Laura Palmer,2021-02-15 02:47:39 PM,Hoover Tower
James Hurley,2021-02-15 03:00:35 PM,Memorial Church
Harry Truman,2021-02-15 07:40:55 PM,Stanford Bank ATM
Nadine Hurley,2021-02-15 07:59:22 PM,Stanford Bank ATM
Dale Cooper,2021-02-15 10:16:04 PM,Stanford Bank ATM
Andy Brennan,2021-02-15 10:34:35 PM,Hoover Tower
Donna Hayward,2021-02-15 11:45:34 PM,Stanford Bank ATM
Andy Brennan,2021-02-16 01:17:18 AM,Gates Computer Science
Dale Cooper,2021-02-16 02:56:39 AM,Memorial Church
Benjamin Horne,2021-02-16 04:13:35 AM,Stanford Bank ATM
Nadine Hurley,2021-02-16 07:51:51 AM,Stanford Stadium
Gordon Cole,2021-02-16 10:58:11 AM,Gates Computer Science
Windom Earle,2021-02-16 04:20:20 PM,Stanford Bank ATM
Benjamin Horne,2021-02-16 04:58:29 PM,Jen-Hsun Huang Engineering Center
Harry Truman,2021-02-16 06:31:35 PM,Gates Computer Science
Donna Hayward,2021-02-16 08:26:04 PM,Stanford Bank ATM
Benjamin Horne,2021-02-16 11:59:43 PM,Jen-Hsun Huang Engineering Center
Harry Truman,2021-02-17 02:23:33 AM,Jen-Hsun Huang Engineering Center
James Hurley,2021-02-17 03:29:12 AM,Stanford Bank ATM
Dale Cooper,2021-02-17 03:43:41 AM,Main Quad
Andy Brennan,2021-02-17 05:35:48 AM,White Memorial Fountain
James Hurley,2021-02-17 05:54:41 AM,Jen-Hsun Huang Engineering Center
James Hurley,2021-02-17 06:59:17 AM,Jen-Hsun Huang Engineering Center
Donna Hayward,2021-02-17 07:30:52 AM,Main Quad
Dale Cooper,2021-02-17 11:59:09 AM,Hoover Tower
Nadine Hurley,2021-02-17 12:40:47 PM,White Memorial Fountain
James Hurley,2021-02-17 02:34:15 PM,Gates Computer Science
Dale Cooper,2021-02-17 03:51:57 PM,Stanford Bookstore
Gordon Cole,2021-02-17 04:50:07 PM,Stanford Stadium
Laura Palmer,2021-02-18 01:48:03 AM,Gates Computer Science
Harry Truman,2021-02-18 02:18:36 AM,Stanford Bank ATM
Andy Brennan,2021-02-18 03:49:05 AM,Main Quad
Nadine Hurley,2021-02-18 03:52:30 AM,Jen-Hsun Huang Engineering Center
Benjamin Horne,2021-02-18 04:02:57 AM,Arrillaga Outdoor Education and Recreation Center
Laura Palmer,2021-02-18 04:08:59 AM,Stanford Bank ATM
Harry Truman,2021-02-18 05:56:53 AM,Memorial Church
Benjamin Horne,2021-02-18 09:45:45 AM,Arrillaga Outdoor Education and Recreation Center
Gordon Cole,2021-02-18 12:07:56 PM,Gates Computer Science
Laura Palmer,2021-02-18 02:20:58 PM,Stanford Stadium
Dale Cooper,2021-02-18 03:04:45 PM,Stanford Bank ATM
Windom Earle,2021-02-18 03:57:12 PM,Memorial Church
Laura Palmer,2021-02-18 07:11:20 PM,Gates Computer Science
Donna Hayward,2021-02-18 07:40:19 PM,Arrillaga Outdoor Education and Recreation Center
Windom Earle,2021-02-18 09:36:12 PM,White Memorial Fountain
Gordon Cole,2021-02-19 02:11:57 AM,Jen-Hsun Huang Engineering Center
Donna Hayward,2021-02-19 03:32:49 AM,Memorial Church
Dale Cooper,2021-02-19 03:50:33 AM,Memorial Church
Andy Brennan,2021-02-19 01:22:10 PM,Arrillaga Outdoor Education and Recreation Center
Andy Brennan,2021-02-19 01:54:26 PM,Gates Computer Science
Laura Palmer,2021-02-19 03:18:03 PM,Memorial Church
Nadine Hurley,2021-02-19 05:04:05 PM,Hoover Tower
Dale Cooper,2021-02-19 09:40:18 PM,Hoover Tower
Laura Palmer,2021-02-20 01:31:41 AM,Stanford Bookstore
Harry Truman,2021-02-20 02:53:19 AM,Hoover Tower
Gordon Cole,2021-02-20 04:17:15 AM,Stanford Stadium
Benjamin Horne,2021-02-20 05:30:42 AM,Arrillaga Outdoor Education and Recreation Center
Andy Brennan,2021-02-20 05:32:08 AM,White Memorial Fountain
Windom Earle,2021-02-20 08:45:36 AM,Stanford Bank ATM
Windom Earle,2021-02-20 01:13:11 PM,Memorial Church
James Hurley,2021-02-20 02:22:41 PM,Main Quad
Nadine Hurley,2021-02-20 04:02:59 PM,Jen-Hsun Huang Engineering Center
Benjamin Horne,2021-02-20 04:18:16 PM,Hoover Tower
Benjamin Horne,2021-02-21 03:27:00 AM,White Memorial Fountain
Harry Truman,2021-02-21 04:55:52 AM,Main Quad
Donna Hayward,2021-02-21 05:34:05 AM,Jen-Hsun Huang Engineering Center
Laura Palmer,2021-02-21 05:49:29 AM,Stanford Bank ATM
Benjamin Horne,2021-02-21 08:36:30 AM,Memorial Church
Dale Cooper,2021-02-21 09:25:00 AM,Gates Computer Science
James Hurley,2021-02-21 05:38:05 PM,Hoover Tower
Harry Truman,2021-02-21 08:46:18 PM,Stanford Stadium
Andy Brennan,2021-02-21 09:33:00 PM,Hoover Tower
Nadine Hurley,2021-02-21 11:40:08 PM,Jen-Hsun Huang Engineering Center
Windom Earle,2021-02-22 12:40:28 AM,Main Quad
Dale Cooper,2021-02-22 01:08:31 AM,White Memorial Fountain
Andy Brennan,2021-02-22 02:01:22 AM,Arrillaga Outdoor Education and Recreation Center
Nadine Hurley,2021-02-22 02:31:54 AM,Stanford Stadium
Dale Cooper,2021-02-22 08:08:24 AM,Stanford Bank ATM
Donna Hayward,2021-02-22 12:18:35 PM,Stanford Stadium
James Hurley,2021-02-22 05:42:22 PM,Arrillaga Outdoor Education and Recreation Center
Nadine Hurley,2021-02-22 06:48:22 PM,Stanford Bank ATM
Dale Cooper,2021-02-22 09:21:03 PM,Main Quad
Harry Truman,2021-02-22 09:32:07 PM,Main Quad
James Hurley,2021-02-23 12:00:37 AM,Stanford Bank ATM
Nadine Hurley,2021-02-23 12:32:47 AM,Memorial Church
Dale Cooper,2021-02-23 12:50:47 AM,Main Quad
Gordon Cole,2021-02-23 06:22:34 AM,Jen-Hsun Huang Engineering Center
Donna Hayward,2021-02-23 10:28:22 AM,Main Quad
Donna Hayward,2021-02-23 01:17:36 PM,White Memorial Fountain
Andy Brennan,2021-02-23 02:46:45 PM,Hoover Tower
Gordon Cole,2021-02-23 03:57:31 PM,Gates Computer Science
Harry Truman,2021-02-23 04:01:05 PM,Hoover Tower
Gordon Cole,2021-02-23 07:33:34 PM,Memorial Church
Nadine Hurley,2021-02-23 09:04:34 PM,Gates Computer Science
Benjamin Horne,2021-02-23 10:19:37 PM,Arrillaga Outdoor Education and Recreation Center
Windom Earle,2021-02-24 03:43:23 AM,Gates Computer Science
Windom Earle,2021-02-24 03:55:12 AM,Memorial Church
Benjamin Horne,2021-02-24 09:56:26 AM,Arrillaga Outdoor Education and Recreation Center
Gordon Cole,2021-02-24 12:18:09 PM,Memorial Church
Andy Brennan,2021-02-24 01:09:03 PM,Stanford Bookstore
Gordon Cole,2021-02-24 03:01:00 PM,White Memorial Fountain
Windom Earle,2021-02-24 03:11:39 PM,Hoover Tower
Nadine Hurley,2021-02-24 08:10:28 PM,Gates Computer Science
Laura Palmer,2021-02-24 09:31:07 PM,Stanford Bookstore
Gordon Cole,2021-02-25 01:09:57 AM,Hoover Tower
Donna Hayward,2021-02-25 03:51:37 AM,Gates Computer Science
Benjamin Horne,2021-02-25 05:58:26 AM,Stanford Stadium
Windom Earle,2021-02-25 10:09:21 AM,Stanford Bookstore
Laura Palmer,2021-02-25 10:52:18 AM,Main Quad
Benjamin Horne,2021-02-25 03:34:15 PM,Stanford Bank ATM
Nadine Hurley,2021-02-25 09:45:05 PM,Main Quad
Dale Cooper,2021-02-25 10:35:20 PM,Gates Computer Science
Nadine Hurley,2021-02-26 02:40:39 AM,Stanford Stadium
Andy Brennan,2021-02-26 03:30:08 AM,Main Quad
Andy Brennan,2021-02-26 03:56:22 AM,Gates Computer Science
Andy Brennan,2021-02-26 07:30:55 AM,Gates Computer Science
Laura Palmer,2021-02-26 07:40:09 AM,Memorial Church
Benjamin Horne,2021-02-26 09:33:04 AM,Arrillaga Outdoor Education and Recreation Center
Nadine Hurley,2021-02-26 09:51:16 AM,Stanford Bookstore
Harry Truman,2021-02-26 10:57:32 AM,Main Quad
Gordon Cole,2021-02-26 12:48:15 PM,Stanford Bookstore
Benjamin Horne,2021-02-26 05:30:40 PM,Main Quad
Harry Truman,2021-02-26 05:51:16 PM,Jen-Hsun Huang Engineering Center
Gordon Cole,2021-02-26 06:56:58 PM,Stanford Bookstore
Donna Hayward,2021-02-26 09:46:29 PM,Hoover Tower
Harry Truman,2021-02-26 10:15:04 PM,Stanford Stadium
Dale Cooper,2021-02-27 01:35:53 AM,Jen-Hsun Huang Engineering Center
Benjamin Horne,2021-02-27 03:23:50 AM,Main Quad
Gordon Cole,2021-02-27 06:38:58 AM,Memorial Church
Andy Brennan,2021-02-27 07:16:54 AM,Gates Computer Science
Donna Hayward,2021-02-27 09:41:02 AM,Main Quad
Andy Brennan,2021-02-27 09:56:19 AM,Arrillaga Outdoor Education and Recreation Center
Gordon Cole,2021-02-27 11:08:24 AM,Gates Computer Science
Harry Truman,2021-02-27 11:26:17 AM,Stanford Bookstore
Nadine Hurley,2021-02-27 12:02:38 PM,Memorial Church
Harry Truman,2021-02-27 12:48:09 PM,Gates Computer Science
Harry Truman,2021-02-27 01:29:53 PM,Arrillaga Outdoor Education and Recreation Center
Donna Hayward,2021-02-27 01:48:01 PM,Jen-Hsun Huang Engineering Center
Gordon Cole,2021-02-27 01:50:02 PM,Arrillaga Outdoor Education and Recreation Center
Windom Earle,2021-02-27 02:02:09 PM,Stanford Stadium
Gordon Cole,2021-02-27 05:45:08 PM,Stanford Stadium
Dale Cooper,2021-02-27 05:55:27 PM,Stanford Stadium
Windom Earle,2021-02-28 12:02:38 AM,Jen-Hsun Huang Engineering Center
Dale Cooper,2021-02-28 01:39:11 AM,Gates Computer Science
Benjamin Horne,2021-02-28 04:01:16 AM,Gates Computer Science
Windom Earle,2021-02-28 08:13:26 AM,Hoover Tower
Gordon Cole,2021-02-28 09:27:10 AM,Jen-Hsun Huang Engineering Center
Benjamin Horne,2021-02-28 09:27:53 AM,Stanford Stadium
Harry Truman,2021-02-28 09:40:29 AM,White Memorial Fountain
James Hurley,2021-02-28 10:16:02 AM,Stanford Bank ATM
Dale Cooper,2021-02-28 02:42:47 PM,Gates Computer Science
Laura Palmer,2021-02-28 03:12:53 PM,Arrillaga Outdoor Education and Recreation Center
Laura Palmer,2021-02-28 05:59:30 PM,Jen-Hsun Huang Engineering Center
Laura Palmer,2021-02-28 06:07:06 PM,Main Quad
Dale Cooper,2021-02-28 06:09:59 PM,Stanford Bookstore
Dale Cooper,2021-02-28 08:39:47 PM,Hoover Tower
Dale Cooper,2021-03-01 12:00:32 AM,Arrillaga Outdoor Education and Recreation Center
James Hurley,2021-03-01 01:36:38 AM,Memorial Church
Dale Cooper,2021-03-01 02:32:46 AM,Stanford Bookstore
Nadine Hurley,2021-03-01 02:32:55 AM,Stanford Bookstore
Dale Cooper,2021-03-01 04:13:35 AM,Stanford Bank ATM
Windom Earle,2021-03-01 04:49:48 AM,Hoover Tower
Harry Truman,2021-03-01 06:52:37 AM,Jen-Hsun Huang Engineering Center
Dale Cooper,2021-03-01 09:12:19 PM,Stanford Bookstore
Nadine Hurley,2021-03-01 09:41:40 PM,Hoover Tower
Nadine Hurley,2021-03-02 12:48:30 AM,Stanford Bookstore
Andy Brennan,2021-03-02 01:39:02 AM,Memorial Church
Andy Brennan,2021-03-02 02:41:36 AM,Gates Computer Science
Dale Cooper,2021-03-02 05:12:22 AM,Hoover Tower
Andy Brennan,2021-03-02 07:41:59 AM,Stanford Stadium
Gordon Cole,2021-03-02 12:17:53 PM,Arrillaga Outdoor Education and Recreation Center
Gordon Cole,2021-03-02 02:27:57 PM,Stanford Stadium
Gordon Cole,2021-03-02 02:42:41 PM,Gates Computer Science
Gordon Cole,2021-03-02 03:35:55 PM,Jen-Hsun Huang Engineering Center
Donna Hayward,2021-03-02 05:40:45 PM,Stanford Bank ATM
Gordon Cole,2021-03-02 06:18:17 PM,Arrillaga Outdoor Education and Recreation Center
Dale Cooper,2021-03-02 06:29:29 PM,Gates Computer Science
Andy Brennan,2021-03-02 07:54:27 PM,Stanford Stadium
James Hurley,2021-03-02 07:59:58 PM,White Memorial Fountain
Benjamin Horne,2021-03-02 10:19:42 PM,Stanford Bookstore
Laura Palmer,2021-03-02 10:30:06 PM,Stanford Stadium
Andy Brennan,2021-03-03 02:11:50 AM,Main Quad
Windom Earle,2021-03-03 03:43:59 AM,Stanford Bank ATM
Andy Brennan,2021-03-03 04:07:39 AM,Hoover Tower
Nadine Hurley,2021-03-03 10:13:58 AM,Stanford Bookstore
Donna Hayward,2021-03-03 11:09:52 AM,Memorial Church
James Hurley,2021-03-03 01:22:37 PM,Arrillaga Outdoor Education and Recreation Center
Gordon Cole,2021-03-03 02:23:09 PM,Arrillaga Outdoor Education and Recreation Center
Nadine Hurley,2021-03-03 03:31:10 PM,Stanford Stadium
Windom Earle,2021-03-03 04:31:08 PM,Stanford Stadium
Benjamin Horne,2021-03-03 05:08:12 PM,Memorial Church
Harry Truman,2021-03-03 09:29:04 PM,Arrillaga Outdoor Education and Recreation Center
Windom Earle,2021-03-03 10:33:19 PM,Jen-Hsun Huang Engineering Center
James Hurley,2021-03-04 01:09:54 AM,White Memorial Fountain
Harry Truman,2021-03-04 02:43:23 AM,Jen-Hsun Huang Engineering Center
Gordon Cole,2021-03-04 02:45:36 AM,Arrillaga Outdoor Education and Recreation Center
Harry Truman,2021-03-04 03:19:34 AM,Memorial Church
Gordon Cole,2021-03-04 03:32:56 AM,Arrillaga Outdoor Education and Recreation Center
Windom Earle,2021-03-04 05:13:24 AM,Gates Computer Science
Dale Cooper,2021-03-04 05:18:29 AM,Memorial Church
Nadine Hurley,2021-03-04 06:43:29 AM,Stanford Bank ATM
Laura Palmer,2021-03-04 07:59:53 AM,Stanford Bookstore
Andy Brennan,2021-03-04 08:02:11 AM,Main Quad
Donna Hayward,2021-03-04 08:02:16 AM,Stanford Stadium
Harry Truman,2021-03-04 11:17:05 AM,Hoover Tower
Andy Brennan,2021-03-04 01:23:08 PM,Stanford Stadium
Dale Cooper,2021-03-04 07:06:47 PM,White Memorial Fountain
Laura Palmer,2021-03-04 07:13:38 PM,White Memorial Fountain
Andy Brennan,2021-03-04 09:06:35 PM,Jen-Hsun Huang Engineering Center
Dale Cooper,2021-03-04 09:37:22 PM,Gates Computer Science
Benjamin Horne,2021-03-04 10:18:33 PM,Jen-Hsun Huang Engineering Center
Andy Brennan,2021-03-05 02:24:38 AM,Arrillaga Outdoor Education and Recreation Center
Benjamin Horne,2021-03-05 02:52:49 AM,Hoover Tower
Benjamin Horne,2021-03-05 06:04:05 AM,Jen-Hsun Huang Engineering Center
Benjamin Horne,2021-03-05 07:12:31 AM,Memorial Church
Donna Hayward,2021-03-05 08:20:55 AM,Gates Computer Science
Benjamin Horne,2021-03-05 01:13:22 PM,Stanford Bank ATM
Laura Palmer,2021-03-05 01:33:38 PM,White Memorial Fountain
Andy Brennan,2021-03-05 02:14:49 PM,Stanford Bank ATM
Andy Brennan,2021-03-05 02:35:23 PM,Arrillaga Outdoor Education and Recreation Center
Donna Hayward,2021-03-05 02:43:42 PM,Arrillaga Outdoor Education and Recreation Center
Benjamin Horne,2021-03-05 04:09:01 PM,Jen-Hsun Huang Engineering Center
Dale Cooper,2021-03-05 08:36:21 PM,Memorial Church
Laura Palmer,2021-03-05 08:40:48 PM,Hoover Tower
Nadine Hurley,2021-03-05 08:55:51 PM,White Memorial Fountain
Benjamin Horne,2021-03-05 09:39:16 PM,Main Quad
Windom Earle,2021-03-06 12:55:33 AM,Arrillaga Outdoor Education and Recreation Center
Andy Brennan,2021-03-06 04:21:49 AM,Hoover Tower
Windom Earle,2021-03-06 06:43:35 AM,Jen-Hsun Huang Engineering Center
Windom Earle,2021-03-06 06:58:06 AM,Stanford Bookstore
James Hurley,2021-03-06 09:32:58 AM,Arrillaga Outdoor Education and Recreation Center
Windom Earle,2021-03-06 12:17:45 PM,Hoover Tower
Harry Truman,2021-03-06 04:00:31 PM,Stanford Bank ATM
Dale Cooper,2021-03-06 05:29:11 PM,Stanford Stadium
Gordon Cole,2021-03-06 05:56:57 PM,Memorial Church
Andy Brennan,2021-03-06 06:05:17 PM,Stanford Stadium
Windom Earle,2021-03-06 06:30:41 PM,Gates Computer Science
Benjamin Horne,2021-03-06 06:39:12 PM,White Memorial Fountain
Dale Cooper,2021-03-06 08:17:13 PM,Hoover Tower
Donna Hayward,2021-03-06 10:14:20 PM,Hoover Tower
Donna Hayward,2021-03-06 11:24:00 PM,Gates Computer Science
Harry Truman,2021-03-07 12:05:28 AM,Memorial Church
Donna Hayward,2021-03-07 12:14:36 AM,Stanford Bookstore
Nadine Hurley,2021-03-07 02:39:32 AM,Hoover Tower
Windom Earle,2021-03-07 08:52:48 AM,Stanford Bank ATM
Windom Earle,2021-03-07 03:19:14 PM,White Memorial Fountain
Gordon Cole,2021-03-07 05:13:52 PM,Stanford Bookstore
Gordon Cole,2021-03-07 05:36:27 PM,White Memorial Fountain
Donna Hayward,2021-03-07 05:42:22 PM,Stanford Bank ATM
Gordon Cole,2021-03-07 10:42:50 PM,Gates Computer Science
Gordon Cole,2021-03-08 01:37:13 AM,Stanford Bank ATM
Nadine Hurley,2021-03-08 02:04:50 AM,Gates Computer Science
Windom Earle,2021-03-08 02:10:35 AM,Stanford Bank ATM
Andy Brennan,2021-03-08 04:08:09 AM,Stanford Bookstore
Windom Earle,2021-03-08 07:35:42 AM,Stanford Bank ATM
Gordon Cole,2021-03-08 09:33:17 AM,Gates Computer Science
Harry Truman,2021-03-08 04:13:25 PM,Gates Computer Science
Dale Cooper,2021-03-08 04:36:11 PM,Stanford Bank ATM
Donna Hayward,2021-03-08 11:15:43 PM,Jen-Hsun Huang Engineering Center
Dale Cooper,2021-03-09 02:12:26 AM,White Memorial Fountain
Gordon Cole,2021-03-09 02:43:23 AM,White Memorial Fountain
Nadine Hurley,2021-03-09 06:47:52 AM,Main Quad
Nadine Hurley,2021-03-09 09:18:18 AM,Hoover Tower
Donna Hayward,2021-03-09 11:44:49 AM,Stanford Stadium
James Hurley,2021-03-09 12:26:04 PM,Stanford Bank ATM
Benjamin Horne,2021-03-09 12:34:03 PM,Stanford Stadium
Donna Hayward,2021-03-09 02:38:56 PM,Stanford Stadium
Dale Cooper,2021-03-10 12:26:39 AM,Hoover Tower
Windom Earle,2021-03-10 12:32:47 AM,Stanford Bookstore
Donna Hayward,2021-03-10 02:35:59 AM,Stanford Bookstore
Benjamin Horne,2021-03-10 02:49:29 AM,Hoover Tower
Andy Brennan,2021-03-10 05:13:39 AM,Stanford Bank ATM
Harry Truman,2021-03-10 08:42:21 AM,Hoover Tower
Andy Brennan,2021-03-10 12:56:55 PM,Memorial Church
Benjamin Horne,2021-03-10 02:09:16 PM,Hoover Tower
Donna Hayward,2021-03-10 02:52:03 PM,Gates Computer Science
Andy Brennan,2021-03-10 04:27:05 PM,Memorial Church
Dale Cooper,2021-03-10 05:06:29 PM,Hoover Tower
Gordon Cole,2021-03-10 07:34:39 PM,Jen-Hsun Huang Engineering Center
Donna Hayward,2021-03-10 09:43:09 PM,Arrillaga Outdoor Education and Recreation Center
James Hurley,2021-03-10 10:18:13 PM,Hoover Tower
James Hurley,2021-03-10 11:03:43 PM,Memorial Church
Harry Truman,2021-03-11 01:59:06 AM,Memorial Church
Donna Hayward,2021-03-11 06:53:27 AM,Gates Computer Science
James Hurley,2021-03-11 07:22:27 AM,Stanford Bank ATM
Benjamin Horne,2021-03-11 08:27:12 AM,Main Quad
Benjamin Horne,2021-03-11 11:53:02 AM,Stanford Stadium
Dale Cooper,2021-03-11 11:59:49 AM,Hoover Tower
Nadine Hurley,2021-03-11 01:20:08 PM,Stanford Bookstore
Dale Cooper,2021-03-11 02:29:58 PM,Memorial Church
Gordon Cole,2021-03-11 03:58:52 PM,Stanford Stadium
Andy Brennan,2021-03-11 06:28:36 PM,Gates Computer Science
Windom Earle,2021-03-11 09:36:27 PM,Stanford Stadium
Nadine Hurley,2021-03-12 02:32:39 AM,Memorial Church
Nadine Hurley,2021-03-12 06:14:23 AM,Jen-Hsun Huang Engineering Center
Laura Palmer,2021-03-12 09:55:09 AM,Stanford Stadium
Laura Palmer,2021-03-12 01:56:49 PM,Gates Computer Science
Windom Earle,2021-03-12 02:36:54 PM,Hoover Tower
Windom Earle,2021-03-12 02:55:34 PM,Stanford Bank ATM
Laura Palmer,2021-03-12 03:05:26 PM,Hoover Tower
Harry Truman,2021-03-12 03:59:50 PM,Stanford Bookstore
James Hurley,2021-03-12 05:19:06 PM,White Memorial Fountain
Donna Hayward,2021-03-12 06:49:33 PM,Gates Computer Science
Donna Hayward,2021-03-13 07:21:55 AM,Main Quad
Harry Truman,2021-03-13 09:42:42 AM,Hoover Tower
Windom Earle,2021-03-13 11:01:21 AM,Hoover Tower
Gordon Cole,2021-03-13 11:10:27 AM,Arrillaga Outdoor Education and Recreation Center
Benjamin Horne,2021-03-13 01:16:13 PM,White Memorial Fountain
Benjamin Horne,2021-03-13 01:36:36 PM,White Memorial Fountain
Harry Truman,2021-03-13 08:36:52 PM,Hoover Tower
Benjamin Horne,2021-03-13 10:38:03 PM,Stanford Stadium
Donna Hayward,2021-03-13 11:21:03 PM,Arrillaga Outdoor Education and Recreation Center
Windom Earle,2021-03-14 01:09:52 AM,Jen-Hsun Huang Engineering Center
Nadine Hurley,2021-03-14 03:35:18 AM,Main Quad
Donna Hayward,2021-03-14 06:15:46 AM,Memorial Church
Donna Hayward,2021-03-14 07:30:36 AM,White Memorial Fountain
Donna Hayward,2021-03-14 01:32:46 PM,Gates Computer Science
Nadine Hurley,2021-03-14 07:13:33 PM,Memorial Church
Nadine Hurley,2021-03-14 10:51:13 PM,Stanford Stadium
Windom Earle,2021-03-14 11:18:35 PM,Memorial Church
James Hurley,2021-03-15 02:16:32 AM,Memorial Church
Harry Truman,2021-03-15 04:15:49 AM,Stanford Bank ATM
Windom Earle,2021-03-15 04:48:07 AM,White Memorial Fountain
Donna Hayward,2021-03-15 05:27:01 AM,Stanford Bank ATM
Gordon Cole,2021-03-15 06:28:03 AM,Main Quad
Dale Cooper,2021-03-15 07:39:09 AM,Stanford Bank ATM
Dale Cooper,2021-03-15 08:23:42 AM,Gates Computer Science
Dale Cooper,2021-03-15 11:23:41 AM,White Memorial Fountain
Donna Hayward,2021-03-15 11:29:37 AM,Stanford Stadium
Windom Earle,2021-03-15 03:35:01 PM,Gates Computer Science
Nadine Hurley,2021-03-15 05:05:06 PM,Stanford Bank ATM
Andy Brennan,2021-03-15 05:23:55 PM,Stanford Bank ATM
James Hurley,2021-03-15 06:59:08 PM,Arrillaga Outdoor Education and Recreation Center
Windom Earle,2021-03-15 10:51:02 PM,Jen-Hsun Huang Engineering Center
Windom Earle,2021-03-16 01:54:52 AM,Stanford Stadium
James Hurley,2021-03-16 05:13:22 AM,Hoover Tower
Windom Earle,2021-03-16 08:36:10 AM,Hoover Tower
Benjamin Horne,2021-03-16 12:41:34 PM,Main Quad
James Hurley,2021-03-16 05:09:37 PM,Hoover Tower
Laura Palmer,2021-03-16 09:00:44 PM,Main Quad
Dale Cooper,2021-03-16 10:18:29 PM,Main Quad
Andy Brennan,2021-03-17 01:07:12 AM,Main Quad
Benjamin Horne,2021-03-17 04:13:22 AM,Stanford Stadium
Laura Palmer,2021-03-17 05:42:30 AM,Hoover Tower
Andy Brennan,2021-03-17 07:31:16 AM,Stanford Bookstore
James Hurley,2021-03-17 08:24:06 AM,Memorial Church
Laura Palmer,2021-03-17 09:32:10 AM,White Memorial Fountain
Gordon Cole,2021-03-17 09:41:45 AM,White Memorial Fountain
Benjamin Horne,2021-03-17 11:04:39 AM,Stanford Bookstore
Harry Truman,2021-03-17 11:47:22 AM,White Memorial Fountain
Benjamin Horne,2021-03-17 12:27:44 PM,Stanford Stadium
Laura Palmer,2021-03-17 01:32:18 PM,Memorial Church
Windom Earle,2021-03-17 02:16:39 PM,Hoover Tower
Harry Truman,2021-03-17 04:10:54 PM,Gates Computer Science
Dale Cooper,2021-03-17 06:32:24 PM,Memorial Church
Dale Cooper,2021-03-18 05:48:15 AM,Memorial Church
Harry Truman,2021-03-18 06:02:27 AM,Stanford Bank ATM
Dale Cooper,2021-03-18 06:47:34 AM,Stanford Stadium
Nadine Hurley,2021-03-18 09:14:25 AM,Stanford Bank ATM
Laura Palmer,2021-03-18 10:59:08 AM,Memorial Church
Harry Truman,2021-03-18 12:49:01 PM,White Memorial Fountain
Donna Hayward,2021-03-18 04:11:22 PM,Main Quad
Andy Brennan,2021-03-18 06:01:25 PM,Hoover Tower
Windom Earle,2021-03-18 07:13:17 PM,Memorial Church
Gordon Cole,2021-03-18 08:58:52 PM,Main Quad
Benjamin Horne,2021-03-18 09:39:17 PM,Main Quad
Harry Truman,2021-03-18 11:26:32 PM,Stanford Stadium
Harry Truman,2021-03-19 12:54:48 AM,White Memorial Fountain
James Hurley,2021-03-19 03:01:39 AM,Arrillaga Outdoor Education and Recreation Center
Nadine Hurley,2021-03-19 04:26:17 AM,Jen-Hsun Huang Engineering Center
James Hurley,2021-03-19 05:27:41 AM,Stanford Bank ATM
Benjamin Horne,2021-03-19 06:12:16 AM,Arrillaga Outdoor Education and Recreation Center
Nadine Hurley,2021-03-19 06:42:54 AM,Hoover Tower
Gordon Cole,2021-03-19 06:47:55 AM,Jen-Hsun Huang Engineering Center
Donna Hayward,2021-03-19 08:19:09 AM,Gates Computer Science
Gordon Cole,2021-03-19 02:02:42 PM,Memorial Church
Andy Brennan,2021-03-19 02:42:11 PM,Hoover Tower
Benjamin Horne,2021-03-19 07:41:36 PM,Memorial Church
Donna Hayward,2021-03-19 10:22:31 PM,White Memorial Fountain
Benjamin Horne,2021-03-19 11:16:34 PM,White Memorial Fountain
Dale Cooper,2021-03-19 11:24:00 PM,Memorial Church
Windom Earle,2021-03-20 01:10:45 AM,Stanford Bank ATM
Benjamin Horne,2021-03-20 03:05:37 AM,Gates Computer Science
Nadine Hurley,2021-03-20 03:06:28 AM,Stanford Bank ATM
Harry Truman,2021-03-20 03:36:53 AM,Stanford Stadium
Laura Palmer,2021-03-20 04:31:49 AM,Hoover Tower
Laura Palmer,2021-03-20 06:59:51 AM,Jen-Hsun Huang Engineering Center
Andy Brennan,2021-03-20 07:08:10 AM,Hoover Tower
Dale Cooper,2021-03-20 07:50:25 AM,Stanford Bookstore
James Hurley,2021-03-20 10:20:37 AM,Jen-Hsun Huang Engineering Center
Dale Cooper,2021-03-20 11:18:11 AM,Arrillaga Outdoor Education and Recreation Center
Andy Brennan,2021-03-20 01:24:23 PM,Arrillaga Outdoor Education and Recreation Center
Windom Earle,2021-03-20 03:09:22 PM,Jen-Hsun Huang Engineering Center
James Hurley,2021-03-20 09:00:13 PM,White Memorial Fountain
Dale Cooper,2021-03-21 02:22:07 AM,Memorial Church
Laura Palmer,2021-03-21 05:57:55 AM,White Memorial Fountain
Gordon Cole,2021-03-21 06:28:51 AM,Jen-Hsun Huang Engineering Center
Harry Truman,2021-03-21 09:00:04 AM,Jen-Hsun Huang Engineering Center
Gordon Cole,2021-03-21 09:03:36 AM,Stanford Stadium
Windom Earle,2021-03-21 12:05:22 PM,Jen-Hsun Huang Engineering Center
Dale Cooper,2021-03-21 01:06:58 PM,Stanford Bank ATM
Donna Hayward,2021-03-21 04:58:04 PM,Stanford Bank ATM
James Hurley,2021-03-21 05:24:36 PM,White Memorial Fountain
Benjamin Horne,2021-03-21 07:46:54 PM,Jen-Hsun Huang Engineering Center
Gordon Cole,2021-03-21 09:45:14 PM,Arrillaga Outdoor Education and Recreation Center
Nadine Hurley,2021-03-22 02:09:02 AM,Memorial Church
Nadine Hurley,2021-03-22 05:17:12 AM,Main Quad
Andy Brennan,2021-03-22 06:03:44 AM,Hoover Tower
Gordon Cole,2021-03-22 07:57:33 AM,Stanford Bank ATM
Nadine Hurley,2021-03-22 08:10:48 AM,Gates Computer Science
Dale Cooper,2021-03-22 09:26:31 AM,Arrillaga Outdoor Education and Recreation Center
Harry Truman,2021-03-22 10:27:32 AM,Stanford Bank ATM
Nadine Hurley,2021-03-22 11:12:22 AM,Memorial Church
Benjamin Horne,2021-03-22 11:59:45 AM,Stanford Stadium
Gordon Cole,2021-03-22 03:05:49 PM,Stanford Stadium
Dale Cooper,2021-03-22 03:34:43 PM,Stanford Stadium
Nadine Hurley,2021-03-22 10:27:10 PM,Gates Computer Science
Andy Brennan,2021-03-23 03:04:56 AM,Gates Computer Science
Nadine Hurley,2021-03-23 03:25:29 AM,Stanford Bookstore
Laura Palmer,2021-03-23 11:29:50 AM,Main Quad
Donna Hayward,2021-03-23 05:31:12 PM,Stanford Bookstore
Windom Earle,2021-03-23 06:30:01 PM,White Memorial Fountain
Donna Hayward,2021-03-23 08:04:35 PM,Hoover Tower
Windom Earle,2021-03-24 02:20:51 AM,Arrillaga Outdoor Education and Recreation Center
Gordon Cole,2021-03-24 03:33:49 AM,Arrillaga Outdoor Education and Recreation Center
Gordon Cole,2021-03-24 03:38:42 AM,Jen-Hsun Huang Engineering Center
Dale Cooper,2021-03-24 04:26:22 AM,Stanford Bookstore
Dale Cooper,2021-03-24 05:59:08 AM,Jen-Hsun Huang Engineering Center
Windom Earle,2021-03-24 06:52:53 AM,Main Quad
Gordon Cole,2021-03-24 08:32:28 AM,Gates Computer Science
Harry Truman,2021-03-24 09:14:38 AM,Main Quad
Andy Brennan,2021-03-24 11:18:49 AM,Stanford Bookstore
Windom Earle,2021-03-24 12:21:35 PM,Gates Computer Science
Harry Truman,2021-03-24 01:07:40 PM,Arrillaga Outdoor Education and Recreation Center
Benjamin Horne,2021-03-24 08:53:09 PM,Hoover Tower
Donna Hayward,2021-03-24 11:03:59 PM,Gates Computer Science
Laura Palmer,2021-03-25 03:41:47 AM,Memorial Church
Gordon Cole,2021-03-25 05:12:08 AM,Jen-Hsun Huang Engineering Center
Gordon Cole,2021-03-25 07:44:06 AM,Stanford Stadium
Windom Earle,2021-03-25 09:45:17 AM,White Memorial Fountain
Laura Palmer,2021-03-25 01:11:25 PM,Stanford Bank ATM
Donna Hayward,2021-03-25 06:30:01 PM,Stanford Bookstore
Windom Earle,2021-03-25 11:18:54 PM,Hoover Tower
Nadine Hurley,2021-03-25 11:25:23 PM,Jen-Hsun Huang Engineering Center
Donna Hayward,2021-03-26 03:36:16 AM,Memorial Church
Windom Earle,2021-03-26 05:56:33 AM,White Memorial Fountain
Andy Brennan,2021-03-26 07:31:57 AM,Memorial Church
Harry Truman,2021-03-26 09:25:54 AM,Stanford Stadium
Harry Truman,2021-03-26 09:49:06 AM,Jen-Hsun Huang Engineering Center
James Hurley,2021-03-26 10:06:33 AM,Stanford Bookstore
Nadine Hurley,2021-03-26 10:19:06 AM,Stanford Bank ATM
Nadine Hurley,2021-03-26 11:21:37 AM,Stanford Bank ATM
Laura Palmer,2021-03-26 11:40:03 AM,Arrillaga Outdoor Education and Recreation Center
James Hurley,2021-03-26 01:03:03 PM,Arrillaga Outdoor Education and Recreation Center
Gordon Cole,2021-03-26 01:12:55 PM,Main Quad
James Hurley,2021-03-26 09:29:02 PM,Stanford Bookstore
Nadine Hurley,2021-03-27 12:14:37 AM,White Memorial Fountain
Benjamin Horne,2021-03-27 12:46:57 AM,Arrillaga Outdoor Education and Recreation Center
Laura Palmer,2021-03-27 03:11:12 AM,Hoover Tower
Andy Brennan,2021-03-27 04:52:29 AM,Hoover Tower
Andy Brennan,2021-03-27 05:04:54 AM,Memorial Church
James Hurley,2021-03-27 06:57:43 AM,Stanford Bookstore
Gordon Cole,2021-03-27 08:25:39 AM,Gates Computer Science
Donna Hayward,2021-03-27 01:34:46 PM,Gates Computer Science
Windom Earle,2021-03-27 04:50:14 PM,Stanford Bank ATM
Gordon Cole,2021-03-27 06:01:45 PM,Memorial Church
Nadine Hurley,2021-03-28 09:07:51 AM,Stanford Bookstore
Laura Palmer,2021-03-28 09:41:59 AM,Jen-Hsun Huang Engineering Center
Windom Earle,2021-03-28 10:00:01 AM,Stanford Bank ATM
Harry Truman,2021-03-28 11:40:07 AM,Hoover Tower
Benjamin Horne,2021-03-28 12:23:34 PM,Gates Computer Science
Harry Truman,2021-03-28 01:11:52 PM,Jen-Hsun Huang Engineering Center
James Hurley,2021-03-28 02:34:53 PM,Gates Computer Science
Harry Truman,2021-03-28 03:01:40 PM,White Memorial Fountain
Benjamin Horne,2021-03-28 03:37:23 PM,Jen-Hsun Huang Engineering Center
Andy Brennan,2021-03-28 03:40:39 PM,Arrillaga Outdoor Education and Recreation Center
Benjamin Horne,2021-03-28 06:33:00 PM,Stanford Bookstore
Donna Hayward,2021-03-29 03:54:39 AM,Hoover Tower
James Hurley,2021-03-29 05:37:36 AM,Jen-Hsun Huang Engineering Center
James Hurley,2021-03-29 09:32:38 AM,Hoover Tower
Harry Truman,2021-03-29 01:20:36 PM,Memorial Church
Gordon Cole,2021-03-29 04:45:37 PM,White Memorial Fountain
James Hurley,2021-03-29 04:51:53 PM,Gates Computer Science
Nadine Hurley,2021-03-29 06:40:40 PM,Gates Computer Science
James Hurley,2021-03-29 06:47:33 PM,Hoover Tower
Dale Cooper,2021-03-29 07:55:27 PM,Gates Computer Science
Windom Earle,2021-03-29 08:33:42 PM,White Memorial Fountain
Harry Truman,2021-03-30 12:57:21 AM,Hoover Tower
Nadine Hurley,2021-03-30 01:33:30 AM,White Memorial Fountain
Benjamin Horne,2021-03-30 04:08:34 AM,Gates Computer Science
Harry Truman,2021-03-30 04:43:46 AM,Arrillaga Outdoor Education and Recreation Center
James Hurley,2021-03-30 06:35:11 AM,Stanford Bank ATM
James Hurley,2021-03-30 10:45:40 AM,Gates Computer Science
Windom Earle,2021-03-30 01:16:16 PM,Arrillaga Outdoor Education and Recreation Center
Laura Palmer,2021-03-30 03:44:17 PM,Gates Computer Science
James Hurley,2021-03-30 08:28:26 PM,Stanford Bookstore
Harry Truman,2021-03-30 09:50:23 PM,Jen-Hsun Huang Engineering Center
Harry Truman,2021-03-31 12:52:10 AM,Main Quad
Dale Cooper,2021-03-31 01:15:59 AM,Arrillaga Outdoor Education and Recreation Center
Gordon Cole,2021-03-31 03:49:43 AM,Arrillaga Outdoor Education and Recreation Center
Nadine Hurley,2021-03-31 04:53:49 AM,White Memorial Fountain
Nadine Hurley,2021-03-31 07:02:38 AM,Gates Computer Science
Gordon Cole,2021-03-31 12:06:46 PM,White Memorial Fountain
Donna Hayward,2021-03-31 12:59:28 PM,Hoover Tower
Donna Hayward,2021-03-31 02:08:30 PM,Jen-Hsun Huang Engineering Center
Windom Earle,2021-03-31 04:22:11 PM,Stanford Bank ATM
Harry Truman,2021-03-31 05:42:43 PM,Main Quad
Windom Earle,2021-03-31 07:43:08 PM,Jen-Hsun Huang Engineering Center
Donna Hayward,2021-04-01 02:59:06 AM,Stanford Bank ATM
Windom Earle,2021-04-01 05:18:26 AM,Arrillaga Outdoor Education and Recreation Center
Donna Hayward,2021-04-01 05:31:28 AM,Main Quad
James Hurley,2021-04-01 05:46:02 AM,Stanford Bank ATM
Dale Cooper,2021-04-01 07:47:51 AM,Main Quad
James Hurley,2021-04-01 09:58:42 AM,Main Quad
Dale Cooper,2021-04-01 02:48:23 PM,Memorial Church
Benjamin Horne,2021-04-01 03:30:26 PM,Hoover Tower
Windom Earle,2021-04-01 09:40:18 PM,Stanford Bank ATM
Laura Palmer,2021-04-02 12:21:15 AM,Arrillaga Outdoor Education and Recreation Center
Nadine Hurley,2021-04-02 01:33:18 AM,Jen-Hsun Huang Engineering Center
Donna Hayward,2021-04-02 03:22:37 AM,Stanford Bookstore
Nadine Hurley,2021-04-02 06:16:30 AM,Memorial Church
Nadine Hurley,2021-04-02 06:22:41 AM,White Memorial Fountain
Dale Cooper,2021-04-02 06:26:21 AM,Gates Computer Science
Laura Palmer,2021-04-02 08:32:06 AM,Stanford Stadium
Windom Earle,2021-04-02 01:38:21 PM,Memorial Church
Donna Hayward,2021-04-03 01:16:19 AM,Stanford Bookstore
Donna Hayward,2021-04-03 01:37:49 AM,Gates Computer Science
Nadine Hurley,2021-04-03 04:50:28 AM,Stanford Bank ATM
Laura Palmer,2021-04-03 07:36:24 AM,Stanford Bookstore
Gordon Cole,2021-04-03 09:58:10 AM,Stanford Bookstore
Donna Hayward,2021-04-03 10:39:15 AM,White Memorial Fountain
Dale Cooper,2021-04-03 02:48:35 PM,Jen-Hsun Huang Engineering Center
Nadine Hurley,2021-04-03 03:38:35 PM,Jen-Hsun Huang Engineering Center
Laura Palmer,2021-04-03 07:28:51 PM,Stanford Bank ATM
Dale Cooper,2021-04-03 07:41:55 PM,Stanford Bank ATM
Harry Truman,2021-04-03 08:22:33 PM,Hoover Tower
Windom Earle,2021-04-03 10:32:56 PM,Arrillaga Outdoor Education and Recreation Center
Andy Brennan,2021-04-03 10:45:47 PM,Stanford Bank ATM
Harry Truman,2021-04-03 11:02:57 PM,Memorial Church
Harry Truman,2021-04-04 12:22:44 AM,Stanford Stadium
Windom Earle,2021-04-04 04:10:13 AM,Jen-Hsun Huang Engineering Center
Benjamin Horne,2021-04-04 06:36:36 AM,Stanford Bank ATM
Gordon Cole,2021-04-04 06:55:48 AM,Hoover Tower
James Hurley,2021-04-04 08:56:10 AM,Arrillaga Outdoor Education and Recreation Center
Benjamin Horne,2021-04-04 09:07:46 AM,Hoover Tower
Harry Truman,2021-04-04 09:11:59 AM,Arrillaga Outdoor Education and Recreation Center
Donna Hayward,2021-04-04 09:12:03 AM,Arrillaga Outdoor Education and Recreation Center
Andy Brennan,2021-04-04 09:13:28 AM,Gates Computer Science
Andy Brennan,2021-04-04 03:01:02 PM,Gates Computer Science
Benjamin Horne,2021-04-04 08:12:06 PM,Hoover Tower
Benjamin Horne,2021-04-05 01:22:41 AM,Hoover Tower
Dale Cooper,2021-04-05 10:27:07 AM,Memorial Church
Gordon Cole,2021-04-05 11:42:21 AM,Memorial Church
Laura Palmer,2021-04-05 11:48:21 AM,Stanford Bookstore
Benjamin Horne,2021-04-05 11:50:18 AM,Memorial Church
Andy Brennan,2021-04-05 12:56:04 PM,Stanford Bank ATM
Dale Cooper,2021-04-05 05:15:38 PM,Stanford Bookstore
James Hurley,2021-04-05 05:32:16 PM,Hoover Tower
Nadine Hurley,2021-04-05 09:19:08 PM,Jen-Hsun Huang Engineering Center
Andy Brennan,2021-04-05 10:19:41 PM,Gates Computer Science
James Hurley,2021-04-05 10:42:03 PM,Arrillaga Outdoor Education and Recreation Center
Nadine Hurley,2021-04-06 05:30:05 AM,White Memorial Fountain
Donna Hayward,2021-04-06 06:06:55 AM,Hoover Tower
Laura Palmer,2021-04-06 06:40:31 AM,Arrillaga Outdoor Education and Recreation Center
Harry Truman,2021-04-06 08:47:29 AM,Memorial Church
Dale Cooper,2021-04-06 11:58:51 AM,Stanford Bookstore
Dale Cooper,2021-04-06 12:53:22 PM,Jen-Hsun Huang Engineering Center
Nadine Hurley,2021-04-06 01:34:48 PM,Arrillaga Outdoor Education and Recreation Center
Laura Palmer,2021-04-06 03:30:39 PM,Hoover Tower
Windom Earle,2021-04-06 04:13:19 PM,Stanford Bookstore
Dale Cooper,2021-04-06 05:11:23 PM,Main Quad
Nadine Hurley,2021-04-06 05:31:57 PM,Gates Computer Science
Andy Brennan,2021-04-06 05:37:45 PM,Gates Computer Science
Harry Truman,2021-04-06 10:16:21 PM,Gates Computer Science
James Hurley,2021-04-07 03:05:53 AM,Jen-Hsun Huang Engineering Center
Gordon Cole,2021-04-07 05:32:13 AM,Stanford Bank ATM
Laura Palmer,2021-04-07 05:34:04 AM,Stanford Stadium
Laura Palmer,2021-04-07 06:04:48 AM,Arrillaga Outdoor Education and Recreation Center
Nadine Hurley,2021-04-07 07:25:21 AM,Arrillaga Outdoor Education and Recreation Center
Harry Truman,2021-04-07 07:46:16 AM,White Memorial Fountain
Laura Palmer,2021-04-07 08:07:59 AM,Stanford Stadium
Dale Cooper,2021-04-07 10:28:56 AM,Stanford Stadium
Andy Brennan,2021-04-07 11:49:24 AM,Memorial Church
Andy Brennan,2021-04-07 04:51:38 PM,Stanford Stadium
Harry Truman,2021-04-07 06:16:34 PM,Stanford Bank ATM
Laura Palmer,2021-04-07 06:18:02 PM,Hoover Tower
James Hurley,2021-04-07 06:31:10 PM,Gates Computer Science
Andy Brennan,2021-04-07 07:22:15 PM,Memorial Church
Benjamin Horne,2021-04-07 09:36:55 PM,Gates Computer Science
Gordon Cole,2021-04-08 02:41:33 AM,Jen-Hsun Huang Engineering Center
Laura Palmer,2021-04-08 05:14:25 AM,Main Quad
Harry Truman,2021-04-08 08:23:09 AM,Stanford Stadium
James Hurley,2021-04-08 08:23:24 AM,Stanford Bookstore
Harry Truman,2021-04-08 12:17:42 PM,Stanford Bookstore
Harry Truman,2021-04-08 06:27:03 PM,White Memorial Fountain
Donna Hayward,2021-04-08 08:57:03 PM,Jen-Hsun Huang Engineering Center
Windom Earle,2021-04-08 09:46:14 PM,Hoover Tower
Harry Truman,2021-04-08 11:22:52 PM,White Memorial Fountain
Andy Brennan,2021-04-09 03:27:54 AM,White Memorial Fountain
Nadine Hurley,2021-04-09 03:48:42 AM,Memorial Church
James Hurley,2021-04-09 06:38:49 AM,Arrillaga Outdoor Education and Recreation Center
Laura Palmer,2021-04-09 08:42:05 AM,Stanford Bookstore
James Hurley,2021-04-09 09:05:53 AM,Stanford Bank ATM
Windom Earle,2021-04-09 05:36:36 PM,Jen-Hsun Huang Engineering Center
James Hurley,2021-04-09 07:31:38 PM,Memorial Church
Harry Truman,2021-04-09 08:39:35 PM,Main Quad
Nadine Hurley,2021-04-10 12:38:03 AM,Stanford Stadium
James Hurley,2021-04-10 12:49:35 AM,Gates Computer Science
Windom Earle,2021-04-10 04:07:23 AM,Jen-Hsun Huang Engineering Center
Windom Earle,2021-04-10 04:37:30 AM,Hoover Tower
Nadine Hurley,2021-04-10 06:14:51 AM,Stanford Stadium
Dale Cooper,2021-04-10 07:45:46 AM,Main Quad
Laura Palmer,2021-04-10 07:54:54 AM,Gates Computer Science
Gordon Cole,2021-04-10 08:39:13 AM,Arrillaga Outdoor Education and Recreation Center
Harry Truman,2021-04-10 09:03:33 AM,Stanford Stadium
Benjamin Horne,2021-04-10 02:10:29 PM,Memorial Church
Benjamin Horne,2021-04-10 05:58:28 PM,Hoover Tower
Windom Earle,2021-04-10 09:26:02 PM,Main Quad
Andy Brennan,2021-04-11 07:31:06 AM,White Memorial Fountain
Windom Earle,2021-04-11 12:20:56 PM,Memorial Church
Nadine Hurley,2021-04-11 01:53:18 PM,White Memorial Fountain
Laura Palmer,2021-04-11 03:20:32 PM,Stanford Bank ATM
Dale Cooper,2021-04-11 09:02:05 PM,Stanford Bank ATM
Dale Cooper,2021-04-11 10:55:15 PM,Arrillaga Outdoor Education and Recreation Center
Windom Earle,2021-04-12 01:25:06 AM,Memorial Church
James Hurley,2021-04-12 02:40:41 AM,Main Quad
Laura Palmer,2021-04-12 03:40:44 AM,Memorial Church
Laura Palmer,2021-04-12 05:19:02 AM,Hoover Tower
Donna Hayward,2021-04-12 08:19:57 AM,Stanford Bookstore
Windom Earle,2021-04-12 12:34:08 PM,Hoover Tower
Nadine Hurley,2021-04-12 03:13:46 PM,Stanford Stadium
Benjamin Horne,2021-04-12 05:00:11 PM,Main Quad
Nadine Hurley,2021-04-12 06:08:40 PM,Jen-Hsun Huang Engineering Center
Laura Palmer,2021-04-12 09:41:27 PM,Memorial Church
Harry Truman,2021-04-12 11:38:52 PM,Stanford Bank ATM
Nadine Hurley,2021-04-13 01:34:44 AM,Memorial Church
Windom Earle,2021-04-13 01:53:26 AM,White Memorial Fountain
Harry Truman,2021-04-13 03:09:18 AM,Main Quad
Nadine Hurley,2021-04-13 05:15:27 AM,Gates Computer Science
Nadine Hurley,2021-04-13 07:58:36 AM,Stanford Bank ATM
Donna Hayward,2021-04-13 08:11:02 AM,Memorial Church
Dale Cooper,2021-04-13 09:40:52 AM,Arrillaga Outdoor Education and Recreation Center
Gordon Cole,2021-04-13 11:35:26 AM,Memorial Church
Windom Earle,2021-04-13 12:56:10 PM,Arrillaga Outdoor Education and Recreation Center
Laura Palmer,2021-04-13 01:33:41 PM,Jen-Hsun Huang Engineering Center
Donna Hayward,2021-04-13 03:38:14 PM,Main Quad
Windom Earle,2021-04-13 10:30:03 PM,Stanford Bank ATM
Benjamin Horne,2021-04-14 04:39:34 AM,Stanford Stadium
Benjamin Horne,2021-04-14 04:50:02 AM,Main Quad
Andy Brennan,2021-04-14 08:55:03 AM,Stanford Bookstore
Donna Hayward,2021-04-14 11:11:58 AM,Gates Computer Science
James Hurley,2021-04-14 11:46:20 AM,Hoover Tower
Laura Palmer,2021-04-14 12:27:24 PM,Jen-Hsun Huang Engineering Center
Dale Cooper,2021-04-14 03:37:00 PM,Hoover Tower
Dale Cooper,2021-04-14 05:28:10 PM,Stanford Bookstore
Andy Brennan,2021-04-14 05:33:13 PM,Arrillaga Outdoor Education and Recreation Center
Benjamin Horne,2021-04-14 07:00:31 PM,Stanford Bank ATM
Dale Cooper,2021-04-14 07:01:57 PM,Hoover Tower
Windom Earle,2021-04-14 08:12:33 PM,Hoover Tower
Andy Brennan,2021-04-14 08:46:49 PM,Memorial Church
Nadine Hurley,2021-04-14 10:21:31 PM,White Memorial Fountain
Harry Truman,2021-04-15 12:26:53 AM,Gates Computer Science
Nadine Hurley,2021-04-15 03:25:28 AM,Stanford Bank ATM
Andy Brennan,2021-04-15 04:45:46 AM,Stanford Bank ATM
Harry Truman,2021-04-15 05:44:27 AM,Stanford Bank ATM
James Hurley,2021-04-15 06:39:09 AM,Stanford Bookstore
Donna Hayward,2021-04-15 08:13:37 AM,Hoover Tower
Andy Brennan,2021-04-15 12:47:55 PM,Stanford Bank ATM
James Hurley,2021-04-15 12:51:06 PM,Gates Computer Science
Dale Cooper,2021-04-15 07:37:42 PM,Stanford Bank ATM
Benjamin Horne,2021-04-15 10:24:25 PM,Jen-Hsun Huang Engineering Center
Donna Hayward,2021-04-15 11:03:38 PM,Jen-Hsun Huang Engineering Center
Dale Cooper,2021-04-15 11:04:41 PM,Main Quad
Donna Hayward,2021-04-15 11:36:06 PM,Stanford Bank ATM
Dale Cooper,2021-04-16 12:08:36 AM,Stanford Bank ATM
Nadine Hurley,2021-04-16 12:25:07 AM,Gates Computer Science
Andy Brennan,2021-04-16 07:32:46 AM,White Memorial Fountain
Nadine Hurley,2021-04-16 10:11:29 AM,Stanford Bookstore
James Hurley,2021-04-16 12:48:46 PM,Main Quad
Gordon Cole,2021-04-16 02:23:31 PM,Arrillaga Outdoor Education and Recreation Center
Benjamin Horne,2021-04-16 07:27:49 PM,Main Quad
Donna Hayward,2021-04-16 08:46:58 PM,Gates Computer Science
Windom Earle,2021-04-17 01:25:32 AM,Stanford Bank ATM
Harry Truman,2021-04-17 07:38:42 AM,Arrillaga Outdoor Education and Recreation Center
James Hurley,2021-04-17 08:56:40 AM,Stanford Bookstore
Laura Palmer,2021-04-17 11:38:25 AM,White Memorial Fountain
Nadine Hurley,2021-04-17 12:50:15 PM,Main Quad
Nadine Hurley,2021-04-17 01:08:33 PM,Stanford Bank ATM
Benjamin Horne,2021-04-17 10:44:13 PM,Stanford Bank ATM
Gordon Cole,2021-04-18 01:51:03 AM,Arrillaga Outdoor Education and Recreation Center
Laura Palmer,2021-04-18 02:12:11 AM,Jen-Hsun Huang Engineering Center
James Hurley,2021-04-18 05:35:29 AM,Jen-Hsun Huang Engineering Center
Benjamin Horne,2021-04-18 06:02:39 AM,Hoover Tower
Donna Hayward,2021-04-18 06:36:13 AM,Stanford Stadium
Windom Earle,2021-04-18 07:03:37 AM,Gates Computer Science
Donna Hayward,2021-04-18 09:48:21 AM,White Memorial Fountain
Windom Earle,2021-04-18 10:25:36 AM,Jen-Hsun Huang Engineering Center
Andy Brennan,2021-04-18 02:12:42 PM,Gates Computer Science
Dale Cooper,2021-04-18 02:14:07 PM,Main Quad
James Hurley,2021-04-18 03:12:56 PM,White Memorial Fountain
Dale Cooper,2021-04-18 03:58:42 PM,Main Quad
Gordon Cole,2021-04-18 05:35:50 PM,Stanford Stadium
James Hurley,2021-04-18 10:41:42 PM,Hoover Tower
Windom Earle,2021-04-19 03:55:48 AM,Stanford Bank ATM
Andy Brennan,2021-04-19 07:14:51 AM,Jen-Hsun Huang Engineering Center
James Hurley,2021-04-19 08:55:18 AM,Memorial Church
James Hurley,2021-04-19 09:15:58 AM,Stanford Stadium
Laura Palmer,2021-04-19 07:29:46 PM,White Memorial Fountain
Laura Palmer,2021-04-19 07:43:33 PM,Memorial Church
Laura Palmer,2021-04-20 12:19:03 AM,Jen-Hsun Huang Engineering Center
Laura Palmer,2021-04-20 01:07:43 AM,Memorial Church
Dale Cooper,2021-04-20 03:54:37 AM,Stanford Bookstore
Laura Palmer,2021-04-20 06:00:35 AM,Stanford Bookstore
Laura Palmer,2021-04-20 06:19:06 AM,Stanford Stadium
Dale Cooper,2021-04-20 08:04:00 AM,Main Quad
Gordon Cole,2021-04-20 02:14:37 PM,Jen-Hsun Huang Engineering Center
Benjamin Horne,2021-04-20 07:27:48 PM,Jen-Hsun Huang Engineering Center
Dale Cooper,2021-04-21 02:19:15 AM,Memorial Church
Gordon Cole,2021-04-21 12:02:42 PM,Hoover Tower
James Hurley,2021-04-21 12:19:11 PM,Stanford Bank ATM
Donna Hayward,2021-04-21 02:50:41 PM,Arrillaga Outdoor Education and Recreation Center
James Hurley,2021-04-21 05:22:15 PM,Stanford Stadium
Dale Cooper,2021-04-21 06:04:27 PM,Main Quad
Laura Palmer,2021-04-21 06:19:24 PM,Memorial Church
Benjamin Horne,2021-04-21 06:25:15 PM,Stanford Stadium
Dale Cooper,2021-04-21 08:44:25 PM,Jen-Hsun Huang Engineering Center
Windom Earle,2021-04-21 09:43:51 PM,Gates Computer Science
Nadine Hurley,2021-04-22 12:05:07 AM,Gates Computer Science
Nadine Hurley,2021-04-22 12:44:27 AM,Stanford Bookstore
Benjamin Horne,2021-04-22 02:04:32 AM,Main Quad
James Hurley,2021-04-22 02:59:57 AM,Hoover Tower
Nadine Hurley,2021-04-22 04:14:53 AM,Gates Computer Science
Nadine Hurley,2021-04-22 06:45:42 AM,Gates Computer Science
Nadine Hurley,2021-04-22 09:41:00 AM,Main Quad
Benjamin Horne,2021-04-22 12:04:24 PM,Jen-Hsun Huang Engineering Center
Harry Truman,2021-04-22 02:05:21 PM,Stanford Bank ATM
Nadine Hurley,2021-04-22 02:30:37 PM,Memorial Church
Benjamin Horne,2021-04-22 04:36:12 PM,Stanford Bank ATM
Windom Earle,2021-04-22 06:55:51 PM,White Memorial Fountain
Benjamin Horne,2021-04-22 08:24:31 PM,White Memorial Fountain
Nadine Hurley,2021-04-22 11:41:30 PM,Hoover Tower
Dale Cooper,2021-04-23 03:49:23 AM,Memorial Church
Gordon Cole,2021-04-23 03:52:42 AM,Stanford Stadium
Dale Cooper,2021-04-23 04:40:27 AM,Stanford Bank ATM
Andy Brennan,2021-04-23 05:57:09 AM,Arrillaga Outdoor Education and Recreation Center
Donna Hayward,2021-04-23 06:29:02 AM,Memorial Church
Benjamin Horne,2021-04-23 09:17:10 AM,White Memorial Fountain
Harry Truman,2021-04-23 09:51:25 AM,Hoover Tower
Nadine Hurley,2021-04-23 10:10:55 AM,Jen-Hsun Huang Engineering Center
Benjamin Horne,2021-04-23 10:18:11 AM,White Memorial Fountain
Nadine Hurley,2021-04-23 10:50:11 AM,Stanford Bank ATM
Donna Hayward,2021-04-23 01:55:51 PM,White Memorial Fountain
Windom Earle,2021-04-23 03:36:21 PM,Stanford Stadium
Andy Brennan,2021-04-23 05:45:45 PM,White Memorial Fountain
Laura Palmer,2021-04-23 06:13:06 PM,Memorial Church
Gordon Cole,2021-04-23 07:00:28 PM,Stanford Bank ATM
Windom Earle,2021-04-23 07:39:30 PM,White Memorial Fountain
Nadine Hurley,2021-04-23 07:59:23 PM,Stanford Bookstore
Nadine Hurley,2021-04-23 10:58:41 PM,Arrillaga Outdoor Education and Recreation Center
Andy Brennan,2021-04-23 11:23:31 PM,Gates Computer Science
Laura Palmer,2021-04-23 11:26:25 PM,White Memorial Fountain
James Hurley,2021-04-23 11:58:53 PM,Gates Computer Science
Nadine Hurley,2021-04-24 05:11:01 AM,Jen-Hsun Huang Engineering Center
Harry Truman,2021-04-24 06:07:22 AM,Memorial Church
Harry Truman,2021-04-24 06:41:04 AM,Jen-Hsun Huang Engineering Center
James Hurley,2021-04-24 09:18:46 AM,Hoover Tower
Andy Brennan,2021-04-24 11:50:01 AM,Stanford Bookstore
Benjamin Horne,2021-04-24 02:39:26 PM,Arrillaga Outdoor Education and Recreation Center
Windom Earle,2021-04-24 04:16:19 PM,Arrillaga Outdoor Education and Recreation Center
Donna Hayward,2021-04-24 04:57:01 PM,Main Quad
Windom Earle,2021-04-24 05:50:16 PM,Stanford Bank ATM
Donna Hayward,2021-04-24 05:58:01 PM,Main Quad
Benjamin Horne,2021-04-24 06:28:27 PM,Memorial Church
Windom Earle,2021-04-24 08:45:10 PM,Gates Computer Science
Donna Hayward,2021-04-25 02:35:41 AM,Stanford Bookstore
Benjamin Horne,2021-04-25 03:22:59 AM,Jen-Hsun Huang Engineering Center
Andy Brennan,2021-04-25 04:23:32 AM,Arrillaga Outdoor Education and Recreation Center
James Hurley,2021-04-25 05:37:16 AM,Gates Computer Science
Harry Truman,2021-04-25 10:27:39 AM,Hoover Tower
Gordon Cole,2021-04-25 11:53:52 AM,Main Quad
Andy Brennan,2021-04-25 03:02:15 PM,Jen-Hsun Huang Engineering Center
Harry Truman,2021-04-25 09:11:49 PM,Stanford Bank ATM
Donna Hayward,2021-04-25 09:32:22 PM,Stanford Bookstore
Windom Earle,2021-04-25 11:57:44 PM,Hoover Tower
Nadine Hurley,2021-04-26 02:06:16 AM,Hoover Tower
Laura Palmer,2021-04-26 04:25:10 AM,White Memorial Fountain
Gordon Cole,2021-04-26 04:43:50 AM,Stanford Bookstore
Gordon Cole,2021-04-26 06:03:10 AM,Stanford Stadium
Benjamin Horne,2021-04-26 11:20:58 AM,Stanford Stadium
Harry Truman,2021-04-26 12:55:30 PM,Stanford Bookstore
Harry Truman,2021-04-26 03:29:31 PM,Stanford Bank ATM
Andy Brennan,2021-04-26 03:33:40 PM,Stanford Bookstore
Andy Brennan,2021-04-26 08:30:41 PM,Stanford Stadium
James Hurley,2021-04-26 09:52:07 PM,Jen-Hsun Huang Engineering Center
Dale Cooper,2021-04-26 11:27:50 PM,Stanford Bookstore
Dale Cooper,2021-04-27 12:21:27 AM,Main Quad
Laura Palmer,2021-04-27 12:49:34 AM,Main Quad
Windom Earle,2021-04-27 01:46:25 AM,Stanford Bank ATM
Gordon Cole,2021-04-27 04:29:37 AM,Stanford Bank ATM
Benjamin Horne,2021-04-27 06:07:09 AM,Stanford Bookstore
Andy Brennan,2021-04-27 09:20:24 AM,Hoover Tower
Windom Earle,2021-04-27 12:21:31 PM,Gates Computer Science
James Hurley,2021-04-27 02:01:55 PM,Stanford Bookstore
Windom Earle,2021-04-27 02:35:26 PM,Stanford Bookstore
Andy Brennan,2021-04-27 09:10:05 PM,Memorial Church
Gordon Cole,2021-04-27 09:53:32 PM,Hoover Tower
Donna Hayward,2021-04-28 12:04:36 AM,White Memorial Fountain
Andy Brennan,2021-04-28 02:47:09 AM,Stanford Bookstore
James Hurley,2021-04-28 03:37:47 AM,Main Quad
Dale Cooper,2021-04-28 07:41:08 AM,Arrillaga Outdoor Education and Recreation Center
Harry Truman,2021-04-28 08:07:56 AM,Stanford Stadium
Nadine Hurley,2021-04-28 09:22:18 AM,Stanford Bank ATM
Andy Brennan,2021-04-28 10:17:51 AM,Stanford Bookstore
Gordon Cole,2021-04-28 01:33:25 PM,Memorial Church
Donna Hayward,2021-04-28 04:04:42 PM,White Memorial Fountain
Donna Hayward,2021-04-28 08:03:03 PM,Stanford Bank ATM
Windom Earle,2021-04-29 02:16:12 AM,Stanford Stadium
Windom Earle,2021-04-29 03:36:09 AM,Main Quad
Benjamin Horne,2021-04-29 03:50:07 AM,Memorial Church
Dale Cooper,2021-04-29 05:32:20 AM,Stanford Bank ATM
Andy Brennan,2021-04-29 06:50:45 AM,Stanford Bank ATM
Laura Palmer,2021-04-29 11:32:33 AM,Arrillaga Outdoor Education and Recreation Center
Nadine Hurley,2021-04-29 12:09:13 PM,Jen-Hsun Huang Engineering Center
Donna Hayward,2021-04-29 12:50:19 PM,Stanford Stadium
Windom Earle,2021-04-29 07:20:43 PM,Stanford Bank ATM
Dale Cooper,2021-04-29 07:39:25 PM,Main Quad
Harry Truman,2021-04-29 08:29:22 PM,Hoover Tower
Dale Cooper,2021-04-30 12:20:00 AM,Hoover Tower
Laura Palmer,2021-04-30 03:29:21 AM,Memorial Church
Andy Brennan,2021-04-30 04:01:44 AM,Jen-Hsun Huang Engineering Center
Dale Cooper,2021-04-30 06:20:02 AM,Jen-Hsun Huang Engineering Center
Dale Cooper,2021-04-30 08:13:28 AM,Stanford Stadium
Dale Cooper,2021-04-30 10:06:58 AM,Jen-Hsun Huang Engineering Center
Nadine Hurley,2021-04-30 11:56:27 AM,Stanford Stadium
Donna Hayward,2021-04-30 12:00:22 PM,Stanford Stadium
Nadine Hurley,2021-04-30 03:13:13 PM,Hoover Tower
Nadine Hurley,2021-04-30 03:23:08 PM,Arrillaga Outdoor Education and Recreation Center
Windom Earle,2021-04-30 05:07:52 PM,White Memorial Fountain
Nadine Hurley,2021-04-30 05:37:29 PM,Main Quad
Benjamin Horne,2021-04-30 10:22:23 PM,Stanford Bank ATM
Laura Palmer,2021-04-30 11:40:09 PM,White Memorial Fountain
Nadine Hurley,2021-05-01 02:33:10 AM,Jen-Hsun Huang Engineering Center
Dale Cooper,2021-05-01 02:51:34 AM,Arrillaga Outdoor Education and Recreation Center
James Hurley,2021-05-01 03:14:43 AM,Jen-Hsun Huang Engineering Center
James Hurley,2021-05-01 10:22:05 AM,Gates Computer Science
Laura Palmer,2021-05-01 11:12:36 AM,White Memorial Fountain
Dale Cooper,2021-05-01 12:08:26 PM,White Memorial Fountain
Windom Earle,2021-05-01 12:16:11 PM,Stanford Bookstore
Andy Brennan,2021-05-01 01:36:37 PM,Stanford Bank ATM
Gordon Cole,2021-05-01 02:01:19 PM,White Memorial Fountain
Benjamin Horne,2021-05-01 03:35:57 PM,Gates Computer Science
James Hurley,2021-05-01 04:05:14 PM,Memorial Church
Laura Palmer,2021-05-01 05:17:06 PM,Arrillaga Outdoor Education and Recreation Center
Donna Hayward,2021-05-01 05:58:43 PM,Hoover Tower
Nadine Hurley,2021-05-02 05:14:48 AM,Jen-Hsun Huang Engineering Center
Nadine Hurley,2021-05-02 07:23:37 AM,Jen-Hsun Huang Engineering Center
Nadine Hurley,2021-05-02 09:33:05 AM,White Memorial Fountain
Dale Cooper,2021-05-02 10:38:50 AM,Stanford Stadium
Dale Cooper,2021-05-02 02:18:22 PM,Stanford Bank ATM
Laura Palmer,2021-05-02 03:31:32 PM,Memorial Church
Andy Brennan,2021-05-02 03:44:16 PM,Stanford Stadium
James Hurley,2021-05-02 06:29:47 PM,Jen-Hsun Huang Engineering Center
Andy Brennan,2021-05-02 09:04:00 PM,Arrillaga Outdoor Education and Recreation Center
James Hurley,2021-05-03 12:31:18 AM,Stanford Stadium
Benjamin Horne,2021-05-03 01:54:36 AM,Stanford Stadium
Andy Brennan,2021-05-03 03:25:52 AM,Arrillaga Outdoor Education and Recreation Center
Harry Truman,2021-05-03 03:27:24 AM,Stanford Bank ATM
James Hurley,2021-05-03 06:43:43 AM,Stanford Stadium
Gordon Cole,2021-05-03 10:33:20 AM,Arrillaga Outdoor Education and Recreation Center
Benjamin Horne,2021-05-03 10:56:04 AM,Arrillaga Outdoor Education and Recreation Center
Gordon Cole,2021-05-03 03:24:18 PM,Stanford Bank ATM
Andy Brennan,2021-05-03 06:23:27 PM,Arrillaga Outdoor Education and Recreation Center
Nadine Hurley,2021-05-03 10:08:33 PM,Memorial Church
Nadine Hurley,2021-05-03 11:20:41 PM,Hoover Tower
Donna Hayward,2021-05-03 11:28:49 PM,Stanford Bank ATM
Andy Brennan,2021-05-03 11:58:37 PM,Stanford Bank ATM
Windom Earle,2021-05-04 03:00:46 AM,Stanford Bookstore
Benjamin Horne,2021-05-04 07:43:15 AM,Stanford Bookstore
Laura Palmer,2021-05-04 09:04:55 AM,Memorial Church
Gordon Cole,2021-05-04 10:19:31 AM,Stanford Bank ATM
Nadine Hurley,2021-05-04 11:02:51 AM,Stanford Bookstore
Harry Truman,2021-05-04 12:26:42 PM,Stanford Stadium
Nadine Hurley,2021-05-04 12:48:56 PM,Jen-Hsun Huang Engineering Center
Gordon Cole,2021-05-04 01:44:39 PM,Main Quad
Gordon Cole,2021-05-04 02:17:52 PM,Memorial Church
Benjamin Horne,2021-05-04 06:31:15 PM,Stanford Stadium
Andy Brennan,2021-05-04 09:28:25 PM,Jen-Hsun Huang Engineering Center
Donna Hayward,2021-05-04 09:30:29 PM,Jen-Hsun Huang Engineering Center
Laura Palmer,2021-05-04 10:03:03 PM,Stanford Stadium
James Hurley,2021-05-04 10:18:58 PM,Memorial Church
Andy Brennan,2021-05-04 11:17:32 PM,Stanford Bookstore
Windom Earle,2021-05-05 02:46:10 AM,Stanford Bookstore
Gordon Cole,2021-05-05 03:40:46 AM,Jen-Hsun Huang Engineering Center
Windom Earle,2021-05-05 04:03:56 AM,Memorial Church
Gordon Cole,2021-05-05 09:18:31 AM,Memorial Church
Benjamin Horne,2021-05-05 09:56:04 AM,Hoover Tower
Andy Brennan,2021-05-05 12:05:26 PM,Main Quad
Windom Earle,2021-05-05 01:32:22 PM,Stanford Bank ATM
Dale Cooper,2021-05-05 08:03:58 PM,Main Quad
James Hurley,2021-05-05 11:19:17 PM,Gates Computer Science
Laura Palmer,2021-05-05 11:57:24 PM,Stanford Bank ATM
Nadine Hurley,2021-05-06 12:06:20 AM,Stanford Stadium
Benjamin Horne,2021-05-06 12:31:03 AM,Jen-Hsun Huang Engineering Center
Dale Cooper,2021-05-06 02:17:55 AM,White Memorial Fountain
Benjamin Horne,2021-05-06 02:18:40 AM,Hoover Tower
Donna Hayward,2021-05-06 03:37:33 AM,Stanford Bank ATM
Harry Truman,2021-05-06 03:54:19 AM,Hoover Tower
Benjamin Horne,2021-05-06 06:26:55 AM,Arrillaga Outdoor Education and Recreation Center
James Hurley,2021-05-06 07:03:58 AM,Stanford Stadium
Gordon Cole,2021-05-06 09:59:13 AM,Arrillaga Outdoor Education and Recreation Center
Laura Palmer,2021-05-06 11:44:26 AM,Stanford Stadium
Benjamin Horne,2021-05-06 03:58:43 PM,Stanford Bank ATM
Windom Earle,2021-05-06 04:54:11 PM,Stanford Bookstore
Dale Cooper,2021-05-06 05:49:56 PM,Memorial Church
Nadine Hurley,2021-05-06 07:35:56 PM,White Memorial Fountain
Benjamin Horne,2021-05-06 09:36:26 PM,White Memorial Fountain
Harry Truman,2021-05-06 09:47:02 PM,Memorial Church
Benjamin Horne,2021-05-06 10:07:30 PM,Hoover Tower
Harry Truman,2021-05-07 01:20:23 AM,White Memorial Fountain
Dale Cooper,2021-05-07 01:37:52 AM,Hoover Tower
Donna Hayward,2021-05-07 05:06:40 AM,Main Quad
Gordon Cole,2021-05-07 06:37:02 AM,Gates Computer Science
Andy Brennan,2021-05-07 07:00:33 AM,Main Quad
Gordon Cole,2021-05-07 08:08:45 AM,Gates Computer Science
Harry Truman,2021-05-07 09:58:10 AM,Stanford Bookstore
Nadine Hurley,2021-05-07 10:24:31 AM,Memorial Church
Donna Hayward,2021-05-07 12:10:38 PM,Main Quad
Gordon Cole,2021-05-07 03:01:12 PM,Stanford Bookstore
Gordon Cole,2021-05-07 09:28:19 PM,Main Quad
James Hurley,2021-05-08 12:19:17 AM,Gates Computer Science
Dale Cooper,2021-05-08 03:13:18 AM,Memorial Church
Nadine Hurley,2021-05-08 03:15:50 AM,Hoover Tower
Dale Cooper,2021-05-08 06:08:50 AM,Stanford Stadium
Andy Brennan,2021-05-08 06:22:18 AM,Stanford Stadium
Harry Truman,2021-05-08 08:44:06 AM,Gates Computer Science
Gordon Cole,2021-05-08 09:44:31 AM,White Memorial Fountain
Donna Hayward,2021-05-08 10:59:08 AM,Hoover Tower
Windom Earle,2021-05-08 11:25:32 AM,White Memorial Fountain
Dale Cooper,2021-05-08 04:20:13 PM,Gates Computer Science
James Hurley,2021-05-08 07:40:21 PM,Memorial Church
Laura Palmer,2021-05-09 01:04:05 AM,Stanford Stadium
Harry Truman,2021-05-09 02:39:21 AM,Memorial Church
Gordon Cole,2021-05-09 03:10:37 AM,Stanford Bookstore
Nadine Hurley,2021-05-09 01:56:13 PM,Hoover Tower
Dale Cooper,2021-05-09 02:41:06 PM,Jen-Hsun Huang Engineering Center
Gordon Cole,2021-05-09 03:24:17 PM,Gates Computer Science
James Hurley,2021-05-09 06:46:33 PM,Memorial Church
Gordon Cole,2021-05-09 06:53:07 PM,Jen-Hsun Huang Engineering Center
Gordon Cole,2021-05-09 07:59:50 PM,Stanford Bookstore
Dale Cooper,2021-05-09 10:37:04 PM,White Memorial Fountain
Harry Truman,2021-05-09 11:19:30 PM,Stanford Bank ATM
Andy Brennan,2021-05-10 12:50:44 AM,Jen-Hsun Huang Engineering Center
Laura Palmer,2021-05-10 12:53:31 AM,Main Quad
Dale Cooper,2021-05-10 01:27:16 AM,Main Quad
Gordon Cole,2021-05-10 01:41:12 AM,Arrillaga Outdoor Education and Recreation Center
Nadine Hurley,2021-05-10 02:14:41 AM,Jen-Hsun Huang Engineering Center
Benjamin Horne,2021-05-10 02:41:55 AM,Stanford Bank ATM
Nadine Hurley,2021-05-10 03:39:35 AM,White Memorial Fountain
Nadine Hurley,2021-05-10 04:30:56 AM,Gates Computer Science
Donna Hayward,2021-05-10 04:40:47 AM,Gates Computer Science
Andy Brennan,2021-05-10 08:39:29 AM,Main Quad
James Hurley,2021-05-10 11:09:24 AM,Main Quad
Laura Palmer,2021-05-10 11:28:22 AM,Jen-Hsun Huang Engineering Center
James Hurley,2021-05-10 11:51:35 AM,Stanford Bookstore
Laura Palmer,2021-05-10 11:55:16 AM,Gates Computer Science
Laura Palmer,2021-05-10 12:24:28 PM,Arrillaga Outdoor Education and Recreation Center
Harry Truman,2021-05-10 01:28:04 PM,Stanford Stadium
Windom Earle,2021-05-10 01:52:33 PM,Stanford Bank ATM
Harry Truman,2021-05-10 02:32:55 PM,Stanford Bank ATM
Andy Brennan,2021-05-10 03:10:23 PM,Stanford Bookstore
James Hurley,2021-05-10 06:00:27 PM,Jen-Hsun Huang Engineering Center
Windom Earle,2021-05-10 10:46:30 PM,Stanford Bookstore
Benjamin Horne,2021-05-11 12:14:48 AM,Memorial Church
Windom Earle,2021-05-11 05:19:28 AM,Hoover Tower
Harry Truman,2021-05-11 05:58:37 AM,Jen-Hsun Huang Engineering Center
James Hurley,2021-05-11 06:26:31 AM,Memorial Church
Laura Palmer,2021-05-11 08:39:39 AM,Hoover Tower
Donna Hayward,2021-05-11 09:19:55 AM,Stanford Bookstore
Harry Truman,2021-05-11 03:34:02 PM,Hoover Tower
James Hurley,2021-05-11 05:35:36 PM,Stanford Stadium
Dale Cooper,2021-05-11 06:57:49 PM,Arrillaga Outdoor Education and Recreation Center
Windom Earle,2021-05-11 10:05:34 PM,White Memorial Fountain
Harry Truman,2021-05-12 01:39:12 AM,Jen-Hsun Huang Engineering Center
Laura Palmer,2021-05-12 02:29:26 AM,Stanford Stadium
Laura Palmer,2021-05-12 04:53:14 AM,Arrillaga Outdoor Education and Recreation Center
Laura Palmer,2021-05-12 07:21:10 AM,White Memorial Fountain
Harry Truman,2021-05-12 10:48:58 AM,Stanford Stadium
Gordon Cole,2021-05-12 11:20:44 AM,Hoover Tower
Gordon Cole,2021-05-12 11:29:53 AM,Arrillaga Outdoor Education and Recreation Center
James Hurley,2021-05-12 12:04:26 PM,Hoover Tower
Andy Brennan,2021-05-12 12:30:51 PM,Jen-Hsun Huang Engineering Center
Donna Hayward,2021-05-12 02:04:41 PM,Hoover Tower
Donna Hayward,2021-05-12 08:30:42 PM,Arrillaga Outdoor Education and Recreation Center
Donna Hayward,2021-05-13 12:55:48 AM,Gates Computer Science
James Hurley,2021-05-13 02:00:42 AM,Stanford Stadium
Andy Brennan,2021-05-13 05:56:20 AM,Jen-Hsun Huang Engineering Center
Laura Palmer,2021-05-13 09:00:26 AM,Stanford Stadium
Donna Hayward,2021-05-13 09:30:33 AM,Gates Computer Science
Laura Palmer,2021-05-13 10:35:00 AM,Stanford Stadium
Windom Earle,2021-05-13 10:45:49 AM,Jen-Hsun Huang Engineering Center
